{
  "version": 1,
  "author": "Gabriel Szilagyi",
  "editor": "wokwi",
  "parts": [
    { "type": "wokwi-arduino-mega", "id": "mega", "top": 0, "left": 0, "attrs": {} },
    { "type": "wokwi-potentiometer", "id": "pot1", "top": -106.9, "left": 316.6, "attrs": {} },
    { "type": "wokwi-potentiometer", "id": "pot2", "top": -106.9, "left": 403, "attrs": {} },
    { "type": "wokwi-potentiometer", "id": "pot3", "top": -106.9, "left": 489.4, "attrs": {} }
  ],
  "connections": [
    [ "pot1:VCC", "mega:5V", "red", [ "v28.8", "h37.6", "v211.2", "h-240" ] ],
    [ "pot2:VCC", "mega:5V", "red", [ "v240", "h-288.8" ] ],
    [ "pot3:VCC", "mega:5V", "red", [ "v240", "h-365.6" ] ],
    [ "pot1:GND", "mega:GND.1", "black", [ "v9.6", "h-220.8" ] ],
    [ "pot2:GND", "mega:GND.3", "black", [ "v249.6", "h-259.2" ] ],
    [ "pot3:GND", "mega:GND.2", "black", [ "v259.2", "h-345.6" ] ],
    [ "pot1:SIG", "mega:1", "green", [ "v19.2", "h57.2", "v9.6", "h-163.2" ] ],
    [ "pot2:SIG", "mega:3", "blue", [ "v28.8", "h-211.6" ] ],
    [ "pot3:SIG", "mega:2", "violet", [ "v19.2", "h-298" ] ]
  ],
  "dependencies": {}
}