{
  "version": 1,
  "author": "Ismar",
  "editor": "wokwi",
  "parts": [
    { "type": "wokwi-arduino-uno", "id": "uno", "top": 0, "left": 0, "attrs": {} },
    {
      "type": "wokwi-pushbutton",
      "id": "btn1",
      "top": -109,
      "left": 288,
      "attrs": { "color": "green", "xray": "1" }
    },
    { "type": "wokwi-led", "id": "led1", "top": -234, "left": 128.6, "attrs": { "color": "red" } },
    {
      "type": "wokwi-resistor",
      "id": "r1",
      "top": -168,
      "left": 114.65,
      "rotate": 90,
      "attrs": { "value": "200" }
    }
  ],
  "connections": [
    [ "btn1:1.l", "uno:2", "green", [ "h-67.2" ] ],
    [ "btn1:1.r", "uno:GND.1", "green", [ "v0", "h29", "v-9.6", "h-278.4" ] ],
    [ "led1:A", "uno:13", "green", [ "v76.8", "h-28.8" ] ],
    [ "r1:2", "uno:GND.1", "green", [ "h-76.8", "v94.8", "h28.8", "v9.6" ] ]
  ],
  "dependencies": {}
}